army,unit_id,unit_name,base_size_mm,max_selection,selectable_options,size,quality,defense,points,rules_all,rules_core,rules_army_specific,weapon_names
Orcs,orcs_chef_de_guerre,Chef de Guerre,60,1,,1,4+,5+,110,Hero;Tough(6);Ferocious;Armor(4+);Ferocious Boost Aura,Hero;Tough(6),Ferocious;Armor(4+);Ferocious Boost Aura,Heavy Lance
Orcs,orcs_boss_orc_noir,Boss Orc Noir,40,1,,1,4+,3+,90,Melee Slayer;Hero;Tough(3);Ferocious;Piercing Assault Aura,Hero;Tough(3),Melee Slayer;Ferocious;Piercing Assault Aura,Dual Heavy Hand Weapons
Orcs,orcs_boss_des_marais,Boss des Marais,40,1,,1,5+,6+,55,Hero;Tough(3);Ferocious;Hit & Run Fighter Aura;Piercing Assault;Scout;Strider,Hero;Tough(3);Scout;Strider,Ferocious;Hit & Run Fighter Aura;Piercing Assault,Great Weapon
Orcs,orcs_goblin_chamane,Goblin Chamane,40,1,,1,5+,6+,80,Hero;Tough(3);Ferocious;Armor(5+);Caster(3),Hero;Tough(3);Caster(3),Ferocious;Armor(5+),Hand Weapon
Orcs,orcs_guerriers_orcs,Guerriers Orcs,28,3,Speed Feat[15];Sergeant[5];Banner[10];Musician[10],10,5+,5+,100,Ferocious,,Ferocious,Dual Hand Weapons
Orcs,orcs_orcs_des_marais,Orcs des Marais,28,2,Speed Feat[10];Sergeant[5],10,5+,6+,150,Scout;Strider;Piercing Assault;Ferocious,Scout;Strider,Piercing Assault;Ferocious,Dual Hand Weapons
Orcs,orcs_brutes_orcs,Brutes Orcs,32,1,,3,4+,4+,145,Tough(3);Ferocious,Tough(3),Ferocious,Heavy Great Weapon;Dual Heavy Hand Weapons
Orcs,orcs_archers_orcs,Archers Orcs,28,3,Sergeant[5],5,5+,5+,65,Ferocious,,Ferocious,Bow;Hand Weapon
Orcs,orcs_ecorcheur_geant_des_marais,Ecorcheur Géant des Marais,110,1,,1,4+,3+,275,Fear(2);Stealth;Tough(12);Ferocious,Fear(2);Stealth;Tough(12),Ferocious,Snatching Hook;Putrid Bite;Stomp
